ADDRESS,BUILDING TYPE,DWELLING UNITS,YEAR BUILT,LOT AC,LOT SF,BUILDING SF,FAR,BASEMENT SF,GROUND FLOOR SF,HEIGHT
,VACANT,0,,0.0147,640,,0,,,
2044 SE 12TH AVE,CONDOMINIUM,1,1926,,,1747,0,562,594,
,VACANT,0,,0.0055,240,,0,,,
1926 SE HEMLOCK AVE,CONDOMINIUM,1,1956,,,1787,0,896,891,
2135 SE ELLIOTT AVE,SINGLE FAMILY RESIDENCE,1,1912,0.1175,5120,2962,0.578515625,892,892,
2237 SE CYPRESS AVE,SINGLE FAMILY RESIDENCE,1,1924,0.1175,5120,2156,0.42109375,978,978,
1540 SE LADD AVE,DUPLEX,3,1910,0.1554,6771,7388,1.091123911,2108,2136,
2011 SE CYPRESS AVE,SINGLE FAMILY RESIDENCE,1,1923,0.1175,5120,2624,0.5125,800,1224,
1928 SE LADD AVE,SINGLE FAMILY RESIDENCE,1,1910,0.1322,5760,5398,0.937152778,1344,1383,
1844 SE ELLIOTT AVE,SINGLE FAMILY RESIDENCE,1,1927,0.1175,5120,2775,0.541992188,1080,1095,
,VACANT,0,,0.2296,10000,,0,,,
1726 SE MULBERRY AVE,DUPLEX,3,1912,0.1175,5120,3528,0.6890625,1176,1176,
1720 SE LADD AVE,SINGLE FAMILY RESIDENCE,2,1925,0.1175,5120,3232,0.63125,1316,1316,
1517 SE HOLLY ST,SINGLE FAMILY RESIDENCE,1,1913,0.191,8320,4120,0.495192308,1160,1172,
1630 SE ELLIOTT AVE,SINGLE FAMILY RESIDENCE,1,1912,0.1175,5120,3308,0.64609375,896,1092,
2305 SE 20TH AVE # A,SINGLE FAMILY RESIDENCE,1,1925,0.1079,4700,2610,0.555319149,806,1204,
1959 SE LARCH AVE,SINGLE FAMILY RESIDENCE,1,1909,0.1354,5900,3511,0.595084746,1127,1127,
2104 SE TAMARACK AVE,SINGLE FAMILY RESIDENCE,1,1923,0.124,5400,2200,0.407407407,672,1128,
2103 SE ELLIOTT AVE,SINGLE FAMILY RESIDENCE,1,1925,0.1469,6400,2544,0.3975,700,1064,
2213 SE LADD AVE,SINGLE FAMILY RESIDENCE,1,1922,0.1175,5120,2311,0.451367188,552,1158,
1925 SE LADD AVE,SINGLE FAMILY RESIDENCE,1,1938,0.1175,5120,3308,0.64609375,1304,1304,
2110 SE 12TH AVE,SINGLE FAMILY RESIDENCE,3,1924,0.1165,5074,2282,0.449743792,480,1442,
2243 SE LADD AVE,SINGLE FAMILY RESIDENCE,1,1924,0.1175,5120,2396,0.46796875,616,1064,
1819 SE LADD AVE,SINGLE FAMILY RESIDENCE,1,1910,0.1175,5120,3923,0.766210938,1020,1063,
1721 SE MAPLE AVE,SINGLE FAMILY RESIDENCE,1,1910,0.1469,6400,3893,0.60828125,1242,1243,
1914 SE HEMLOCK AVE,CONDOMINIUM,1,1956,,,1794,0,900,894,
1811 SE HARRISON ST,SINGLE FAMILY RESIDENCE,1,1924,0.0849,3700,2221,0.60027027,700,973,
2062 SE LADD AVE,SINGLE FAMILY RESIDENCE,1,1925,0.1469,6400,2054,0.3209375,840,1214,
1919 SE 20TH AVE,SINGLE FAMILY RESIDENCE,1,1924,0.1165,5074,2356,0.464327946,646,1710,
1936 SE HEMLOCK AVE,SINGLE FAMILY RESIDENCE,1,1954,0.1273,5546,2123,0.382798413,,1232,
1863 SE ELLIOTT AVE,SINGLE FAMILY RESIDENCE,1,1925,0.097,4224,2200,0.520833333,900,900,
1729 SE LOCUST AVE,SINGLE FAMILY RESIDENCE,1,1953,0.1175,5120,2816,0.55,1268,1268,
2112 SE ELLIOTT AVE,DUPLEX,1,1913,0.1469,6400,5178,0.8090625,1440,1458,
2421 SE ORANGE AVE,EXEMPT,0,1925,3.9284,171120,41742,0.243934081,,41742,
2204 SE LADD AVE,SINGLE FAMILY RESIDENCE,1,1923,0.1175,5120,2401,0.468945313,737,1264,
2019 SE HEMLOCK AVE,SINGLE FAMILY RESIDENCE,1,1923,0.1328,5785,2989,0.516681072,1108,1129,
2269 SE CYPRESS AVE,SINGLE FAMILY RESIDENCE,1,1924,0.1175,5120,2000,0.390625,1000,1000,
2014 SE 12TH AVE,APARTMENT,7,1926,0.233,10148,18018,1.77552227,5850,6318,
1710 SE POPLAR AVE,SINGLE FAMILY RESIDENCE,1,1961,0.1175,5120,4205,0.821289063,1903,1902,
1403 SE BIRCH ST,SINGLE FAMILY RESIDENCE,1,1924,0.076,3312,1636,0.493961353,700,936,
1556 SE ELLIOTT AVE,SINGLE FAMILY RESIDENCE,1,1922,0.1175,5120,3480,0.6796875,964,964,
1846 SE LADD AVE,SINGLE FAMILY RESIDENCE,1,1910,0.2351,10240,4300,0.419921875,1860,1860,
1628 SE LADD AVE APT B,CONDOMINIUM,1,1910,,,1631,0,60,1085,
1845 SE LOCUST AVE,SINGLE FAMILY RESIDENCE,1,1930,0.1175,5120,2366,0.462109375,983,983,
1929 SE 20TH AVE,SINGLE FAMILY RESIDENCE,1,1925,0.1165,5074,2587,0.509854158,948,1039,
1837 SE ELLIOTT AVE # 1839,DUPLEX,1,1953,0.2351,10240,3652,0.356640625,1700,1952,
2114 SE HEMLOCK AVE,SINGLE FAMILY RESIDENCE,1,1924,0.1165,5074,2560,0.504532913,1080,1080,
1718 SE MULBERRY AVE,SINGLE FAMILY RESIDENCE,3,1909,0.1175,5120,2964,0.57890625,900,996,
1552 SE HICKORY ST,SINGLE FAMILY RESIDENCE,1,1924,0.1175,5120,2118,0.413671875,1040,1078,
1582 SE POPLAR AVE,SINGLE FAMILY RESIDENCE,1,1924,0.1175,5120,3416,0.6671875,1176,1176,
1935 SE ELLIOTT AVE # 1943,APARTMENT,3,1924,0.3072,13380,1224,0.091479821,80,1144,
1627 SE ELLIOTT AVE,SINGLE FAMILY RESIDENCE,1,1909,0.1175,5120,3856,0.753125,1152,1152,
2446 SE LADD AVE # 2456,COMMERCIAL,0,1922,0.3042,13250,7376,0.556679245,,7376,
2125 SE ORANGE AVE,SINGLE FAMILY RESIDENCE,1,1924,0.1175,5120,2361,0.461132813,960,981,
1602 SE LADD AVE,SINGLE FAMILY RESIDENCE,2,1913,0.1175,5120,3072,0.6,936,936,
1430 SE PALM ST,SINGLE FAMILY RESIDENCE,1,1925,0.0643,2800,1492,0.532857143,746,746,
2108 SE CYPRESS AVE,SINGLE FAMILY RESIDENCE,1,1927,0.0879,3830,2088,0.545169713,612,1068,
1615 SE MAPLE AVE,SINGLE FAMILY RESIDENCE,1,1949,0.1175,5120,1262,0.246484375,,1262,
1969 SE LADD AVE,SINGLE FAMILY RESIDENCE,1,1924,0.093,4050,1976,0.487901235,988,988,
2204 SE TAMARACK AVE,SINGLE FAMILY RESIDENCE,1,1924,0.1175,5120,2104,0.4109375,700,1104,
2235 SE LADD AVE,SINGLE FAMILY RESIDENCE,1,1924,0.1175,5120,1753,0.342382813,450,903,
2100 SE LARCH AVE,SINGLE FAMILY RESIDENCE,1,1925,0.0585,2550,1529,0.599607843,600,929,
2210 SE 16TH AVE,SINGLE FAMILY RESIDENCE,1,1924,0.1297,5650,2420,0.428318584,988,1262,
2040 SE ELLIOTT AVE,SINGLE FAMILY RESIDENCE,1,1949,0.1175,5120,1695,0.331054688,780,915,
1714 SE LAVENDER ST,SINGLE FAMILY RESIDENCE,1,1924,0.0735,3200,2448,0.765,784,1064,
2285 SE CYPRESS AVE,SINGLE FAMILY RESIDENCE,1,1925,0.1175,5120,2368,0.4625,960,960,
1960 SE HAWTHORNE BLVD,COMMERCIAL,0,1927,0.2245,9780,14466,1.479141104,480,13986,
1540 SE ELLIOTT AVE,SINGLE FAMILY RESIDENCE,2,1916,0.1352,5888,2611,0.443444293,886,893,
1204 SE CLAY ST,COMMERCIAL,0,1926,0.0574,2500,2032,0.8128,,2032,
2221 SE ELLIOTT AVE # A,SINGLE FAMILY RESIDENCE,1,1910,0.1763,7680,3656,0.476041667,952,1108,
1824 SE ELLIOTT AVE # 1828,DUPLEX,1,1950,0.1763,7680,2764,0.359895833,,2024,
1530 SE HOLLY ST,SINGLE FAMILY RESIDENCE,3,1910,0.2415,10520,7484,0.711406844,2218,2218,
1610 SE HOLLY ST,SINGLE FAMILY RESIDENCE,1,1909,0.1175,5120,2446,0.477734375,806,809,
1911 SE 20TH AVE,SINGLE FAMILY RESIDENCE,1,1947,0.1165,5074,2564,0.505321246,560,1044,
2335 SE ELLIOTT AVE,SINGLE FAMILY RESIDENCE,1,1924,0.1175,5120,2056,0.4015625,500,1056,
2208 SE CYPRESS AVE,SINGLE FAMILY RESIDENCE,1,1924,0.0927,4040,1768,0.437623762,676,1092,
1565 SE MAPLE AVE,DUPLEX,1,1910,0.1336,5820,3763,0.646563574,1218,1293,
1644 SE LADD AVE,SINGLE FAMILY RESIDENCE,2,1911,0.1763,7680,5580,0.7265625,1512,1584,
1619 SE ELLIOTT AVE # 1621,DUPLEX,1,1941,0.1675,7296,2936,0.402412281,1092,1196,
2219 SE SPRUCE AVE,SINGLE FAMILY RESIDENCE,1,1926,0.0558,2432,2010,0.826480263,696,930,
1943 SE LOCUST AVE,SINGLE FAMILY RESIDENCE,1,1924,0.1175,5120,1784,0.3484375,468,916,
1819 SE LOCUST AVE,SINGLE FAMILY RESIDENCE,1,1917,0.1175,5120,3664,0.715625,1260,1286,
2017 SE ELLIOTT AVE,SINGLE FAMILY RESIDENCE,1,1910,0.1175,5120,3344,0.653125,1022,1022,
,CONDOMINIUM,1,,,,,0,,,
1517 SE MAPLE AVE,SINGLE FAMILY RESIDENCE,1,1910,0.1175,5120,3980,0.77734375,1038,1038,
1349 SE BIRCH ST,SINGLE FAMILY RESIDENCE,1,1924,0.0845,3680,2822,0.766847826,1016,1032,
2157 SE CYPRESS AVE,SINGLE FAMILY RESIDENCE,1,1925,0.1175,5120,2998,0.585546875,990,1200,
,CONDOMINIUM,2,,,,,0,,,
1845 SE ELLIOTT AVE,SINGLE FAMILY RESIDENCE,1,1926,0.1175,5120,2250,0.439453125,750,750,
1920 SE MULBERRY AVE,SINGLE FAMILY RESIDENCE,1,1910,0.1175,5120,2788,0.54453125,900,992,
1227 SE HARRISON ST # 1233,DUPLEX,1,1962,0.1354,5900,2512,0.425762712,,2512,
1501 SE HOLLY ST # A,SINGLE FAMILY RESIDENCE,2,1905,0.1175,5120,2408,0.4703125,820,820,
2226 SE SPRUCE AVE,SINGLE FAMILY RESIDENCE,1,1912,0.1175,5120,3730,0.728515625,1092,1228,
1817 SE MULBERRY AVE,SINGLE FAMILY RESIDENCE,1,1926,0.0918,4000,2716,0.679,1100,1116,
1626 SE HARRISON ST,SINGLE FAMILY RESIDENCE,1,1925,0.0627,2730,1200,0.43956044,408,792,
2312 SE LADD AVE,SINGLE FAMILY RESIDENCE,1,1924,0.1175,5120,2102,0.410546875,528,1174,
2028 SE LADD AVE,SINGLE FAMILY RESIDENCE,1,1906,0.1175,5120,3314,0.647265625,864,1032,
2319 SE ELLIOTT AVE,SINGLE FAMILY RESIDENCE,1,1924,0.1175,5120,2342,0.457421875,480,1094,
2145 SE LADD AVE,SINGLE FAMILY RESIDENCE,1,1924,0.1175,5120,2782,0.543359375,810,1372,
2051 SE ELLIOTT AVE,SINGLE FAMILY RESIDENCE,1,1938,0.1616,7040,2568,0.364772727,1008,1010,
1736 SE ELLIOTT AVE,SINGLE FAMILY RESIDENCE,1,1924,0.0845,3680,2612,0.709782609,1056,1056,
2144 SE LADD AVE,SINGLE FAMILY RESIDENCE,1,1922,0.2351,10240,2894,0.282617188,1224,1250,
2039 SE 20TH AVE,SINGLE FAMILY RESIDENCE,1,1931,0.1165,5074,1980,0.390224675,840,840,
1812 SE HARRISON ST,SINGLE FAMILY RESIDENCE,1,1924,0.0845,3680,1461,0.39701087,396,1065,
1661 SE HOLLY ST,SINGLE FAMILY RESIDENCE,1,1909,0.1175,5120,3492,0.68203125,1078,1154,
2022 SE HEMLOCK AVE,SINGLE FAMILY RESIDENCE,1,1920,0.1165,5074,2506,0.493890422,1144,1362,
2424 SE ORANGE AVE,SINGLE FAMILY RESIDENCE,1,1924,0.0781,3400,1538,0.452352941,700,838,
2405 SE LADD AVE # A,SINGLE FAMILY RESIDENCE,2,1953,0.1763,7680,2502,0.32578125,990,1512,
2327 SE ELLIOTT AVE,SINGLE FAMILY RESIDENCE,2,1924,0.1175,5120,2616,0.5109375,1056,1080,
2408 SE 16TH AVE,EXEMPT,0,1914,2.8931,126024,14016,0.111216911,,14016,
1737 SE LADD AVE,SINGLE FAMILY RESIDENCE,1,1907,0.1175,5120,3612,0.70546875,1047,1118,
1550 SE POPLAR AVE,SINGLE FAMILY RESIDENCE,1,1913,0.1175,5120,3210,0.626953125,896,1024,
2214 SE LADD AVE,SINGLE FAMILY RESIDENCE,1,1953,0.1175,5120,2346,0.458203125,450,1512,
2417 SE LADD AVE,MISCELLANEOUS,0,,,,,0,,,
1944 SE MULBERRY AVE,SINGLE FAMILY RESIDENCE,1,1926,0.1175,5120,2477,0.483789063,888,970,
1553 SE POPLAR AVE,SINGLE FAMILY RESIDENCE,1,1911,0.0953,4150,3104,0.747951807,600,1042,
1320 SE BIRCH ST,SINGLE FAMILY RESIDENCE,1,1925,0.0597,2600,1940,0.746153846,480,840,
2428 SE LADD AVE,SINGLE FAMILY RESIDENCE,1,1924,0.1175,5120,1984,0.3875,992,992,
1767 SE MAPLE AVE,SINGLE FAMILY RESIDENCE,1,1913,0.1492,6500,4340,0.667692308,1230,1270,
1719 SE LOCUST AVE,SINGLE FAMILY RESIDENCE,1,1909,0.1175,5120,3222,0.629296875,750,988,
2219 SE LADD AVE,SINGLE FAMILY RESIDENCE,1,1922,0.1175,5120,2879,0.562304688,1045,1066,
1736 SE POPLAR AVE,SINGLE FAMILY RESIDENCE,1,1915,0.1175,5120,3060,0.59765625,960,1050,
2224 SE 16TH AVE,SINGLE FAMILY RESIDENCE,1,1924,0.0826,3600,1989,0.5525,768,1221,
1450 SE PALM ST,SINGLE FAMILY RESIDENCE,1,1925,0.0739,3220,1560,0.48447205,780,780,
2208 SE ORANGE AVE,SINGLE FAMILY RESIDENCE,1,1923,0.123,5360,1705,0.318097015,500,1205,
,VACANT,0,,0.2181,9500,,0,,,
1638 SE 12TH AVE,APARTMENT,12,1925,0.4602,20047,35100,1.750885419,10500,24600,
1853 SE ELLIOTT AVE,SINGLE FAMILY RESIDENCE,1,1926,0.1175,5120,3198,0.624609375,1084,1084,
2237 SE ELLIOTT AVE,SINGLE FAMILY RESIDENCE,1,1924,0.1175,5120,2327,0.454492188,936,991,
1982 SE MULBERRY AVE,SINGLE FAMILY RESIDENCE,1,1912,0.1175,5120,3252,0.63515625,984,984,
2220 SE LADD AVE,SINGLE FAMILY RESIDENCE,1,1922,0.1175,5120,2829,0.552539063,1116,1116,
1720 SE POPLAR AVE,SINGLE FAMILY RESIDENCE,1,1909,0.1175,5120,4900,0.95703125,1288,1526,
1426 SE HARRISON ST,SINGLE FAMILY RESIDENCE,1,1924,0.0781,3400,1464,0.430588235,500,964,
2219 SE CYPRESS AVE,SINGLE FAMILY RESIDENCE,1,1925,0.1175,5120,2540,0.49609375,960,1080,
1836 SE MULBERRY AVE,SINGLE FAMILY RESIDENCE,2,1924,0.0707,3080,2652,0.861038961,816,1236,
2103 SE ORANGE AVE,SINGLE FAMILY RESIDENCE,1,1912,0.1135,4944,3250,0.65736246,962,1006,
1545 SE DIVISION ST,SINGLE FAMILY RESIDENCE,1,1948,0.1175,5120,3376,0.659375,1688,1688,
1827 SE 16TH AVE,EXEMPT,0,1926,0.0836,3640,1408,0.386813187,500,908,
1301 SE HARRISON ST # 1307,DUPLEX,1,1924,0.0647,2818,1920,0.68133428,640,1280,
1619 SE LADD AVE,DUPLEX,1,1921,0.1763,7680,5130,0.66796875,1530,1800,
1508 SE POPLAR AVE,SINGLE FAMILY RESIDENCE,1,1903,0.1175,5120,2740,0.53515625,934,974,
1633 SE HOLLY ST,SINGLE FAMILY RESIDENCE,1,1925,0.1469,6400,3376,0.5275,1388,1388,
1505 SE DIVISION ST,SINGLE FAMILY RESIDENCE,1,1926,0.1175,5120,2634,0.514453125,1167,1167,
2128 SE 12TH AVE,SINGLE FAMILY RESIDENCE,3,1924,0.1165,5074,1940,0.382341348,240,1080,
2126 SE TAMARACK AVE,SINGLE FAMILY RESIDENCE,1,1924,0.1175,5120,2214,0.432421875,392,1430,
2029 SE 20TH AVE,SINGLE FAMILY RESIDENCE,1,1904,0.1165,5074,2560,0.504532913,1024,1024,
1422 SE PALM ST,SINGLE FAMILY RESIDENCE,1,1926,0.0441,1920,1192,0.620833333,456,736,
1949 SE DIVISION ST,COMMERCIAL,0,,0.2181,9500,,0,,,
1630 SE HOLLY ST,SINGLE FAMILY RESIDENCE,1,1959,0.1469,6400,5564,0.869375,1717,1731,
2429 SE ELLIOTT AVE,SINGLE FAMILY RESIDENCE,1,1926,0.1175,5120,1344,0.2625,672,672,
2348 SE TAMARACK AVE,SINGLE FAMILY RESIDENCE,1,1924,0.1175,5120,1704,0.3328125,852,852,
,VACANT,0,,0.6508,28350,,0,,,
1562 SE ELLIOTT AVE,SINGLE FAMILY RESIDENCE,1,1923,0.1175,5120,2448,0.478125,1020,1020,
1413 SE BIRCH ST,SINGLE FAMILY RESIDENCE,1,1924,0.0808,3520,1736,0.493181818,800,936,
2102 SE LADD AVE,SINGLE FAMILY RESIDENCE,1,1932,0.1175,5120,2408,0.4703125,812,1076,
1837 SE LADD AVE,SINGLE FAMILY RESIDENCE,1,1956,0.1175,5120,1976,0.3859375,800,1176,
2037 SE SPRUCE AVE,EXEMPT,0,1923,0.1802,7850,3720,0.47388535,1860,1860,
2028 SE 12TH AVE,SINGLE FAMILY RESIDENCE,3,1924,0.1165,5074,3112,0.613322822,800,1242,
2104 SE ELLIOTT AVE,SINGLE FAMILY RESIDENCE,1,1912,0.1322,5760,5386,0.935069444,1440,1546,
1943 SE LADD AVE,SINGLE FAMILY RESIDENCE,1,1925,0.1175,5120,2046,0.399609375,600,1446,
1825 SE LOCUST AVE,SINGLE FAMILY RESIDENCE,1,1928,0.1175,5120,2994,0.584765625,1012,1220,
2313 SE LADD AVE,SINGLE FAMILY RESIDENCE,1,1948,0.1175,5120,1522,0.297265625,513,1009,
1983 SE LOCUST AVE,SINGLE FAMILY RESIDENCE,1,1922,0.2351,10240,2369,0.231347656,616,1193,
1735 SE LOCUST AVE,SINGLE FAMILY RESIDENCE,1,1909,0.1175,5120,3672,0.7171875,1008,1176,
2314 SE 16TH AVE,SINGLE FAMILY RESIDENCE,1,1923,0.0771,3360,2028,0.603571429,936,1092,
1624 SE POPLAR AVE,SINGLE FAMILY RESIDENCE,1,1952,0.1139,4960,2747,0.553830645,1100,1228,
2344 SE LADD AVE,SINGLE FAMILY RESIDENCE,1,1924,0.1175,5120,2388,0.46640625,936,948,
2277 SE CYPRESS AVE,SINGLE FAMILY RESIDENCE,1,1925,0.1175,5120,2680,0.5234375,1080,1120,
2229 SE CYPRESS AVE,SINGLE FAMILY RESIDENCE,1,1925,0.1175,5120,2365,0.461914063,960,1005,
2204 SE 12TH AVE,DUPLEX,3,1924,0.1165,5074,2452,0.483247931,480,1472,
2340 SE TAMARACK AVE,SINGLE FAMILY RESIDENCE,1,1924,0.1175,5120,1614,0.315234375,762,852,
2229 SE ORANGE AVE,DUPLEX,1,1924,0.1175,5120,4866,0.950390625,1404,1458,
1990 SE MULBERRY AVE,DUPLEX,1,1910,0.1175,5120,3769,0.736132813,985,1399,
1590 SE POPLAR AVE,SINGLE FAMILY RESIDENCE,1,1923,0.1175,5120,2740,0.53515625,1120,1120,
2446 SE TAMARACK AVE,SINGLE FAMILY RESIDENCE,1,1924,0.1175,5120,2652,0.51796875,1040,1612,
1425 SE HARRISON ST,SINGLE FAMILY RESIDENCE,1,1928,0.0669,2915,1680,0.576329331,840,840,
,VACANT,0,,0.1028,4480,,0,,,
1931 SE HEMLOCK AVE,DUPLEX,1,1911,0.1345,5860,4628,0.789761092,1320,1764,
1704 SE LAVENDER ST,SINGLE FAMILY RESIDENCE,1,1923,0.0735,3200,2431,0.7596875,756,1195,
1302 SE BIRCH ST,SINGLE FAMILY RESIDENCE,1,1925,0.0627,2730,2287,0.837728938,895,876,
1832 SE HAZEL ST,SINGLE FAMILY RESIDENCE,1,1924,0.0735,3200,1959,0.6121875,704,753,
1725 SE 16TH AVE,SINGLE FAMILY RESIDENCE,1,1928,0.0941,4100,2244,0.547317073,800,944,
1543 SE HICKORY ST,SINGLE FAMILY RESIDENCE,1,1924,0.0808,3520,1772,0.503409091,700,1072,
2101 SE LARCH AVE,SINGLE FAMILY RESIDENCE,1,1910,0.1165,5074,2584,0.509262909,500,964,
2027 SE LARCH AVE # 2029,DUPLEX,1,1927,0.1165,5074,2912,0.573906188,1344,1568,
1931 SE LARCH AVE,SINGLE FAMILY RESIDENCE,1,1913,0.1219,5310,4294,0.8086629,1444,1444,
2036 SE LARCH AVE,SINGLE FAMILY RESIDENCE,1,1924,0.0795,3463,1680,0.485128501,600,1080,
2016 SE LARCH AVE,SINGLE FAMILY RESIDENCE,1,1920,0.0726,3163,2392,0.756244072,1040,1040,
2118 SE TAMARACK AVE,SINGLE FAMILY RESIDENCE,1,1923,0.1175,5120,3012,0.58828125,700,1276,
1612 SE LADD AVE,SINGLE FAMILY RESIDENCE,2,1922,0.1175,5120,2944,0.575,896,1024,
1848 SE HAZEL ST # 1852,DUPLEX,1,1924,0.0826,3600,3316,0.921111111,1020,1496,
1937 SE HARRISON ST,SINGLE FAMILY RESIDENCE,1,1941,0.077,3354,1908,0.568872987,584,784,
2300 SE ORANGE AVE,SINGLE FAMILY RESIDENCE,1,1924,0.0839,3653,1509,0.413085136,500,1009,
1741 SE ELLIOTT AVE # 1747,DUPLEX,1,1925,0.1175,5120,3450,0.673828125,960,1546,
1635 SE HARRISON ST,SINGLE FAMILY RESIDENCE,1,1924,0.0758,3300,1816,0.55030303,780,1036,
2139 SE LADD AVE,SINGLE FAMILY RESIDENCE,1,1924,0.1175,5120,3226,0.630078125,858,930,
1736 SE HAWTHORNE BLVD # 1764,COMMERCIAL,0,1929,0.4085,17794,11218,0.630437226,,11218,
1752 SE LADD AVE,SINGLE FAMILY RESIDENCE,2,1930,0.1175,5120,2912,0.56875,560,1266,
1748 SE 12TH AVE,SINGLE FAMILY RESIDENCE,2,1910,0.1148,5000,4032,0.8064,1120,1232,
1917 SE LADD AVE,SINGLE FAMILY RESIDENCE,1,1925,0.1028,4480,2758,0.615625,814,1086,
1553 SE ELLIOTT AVE,SINGLE FAMILY RESIDENCE,1,1924,0.1175,5120,2459,0.480273438,885,885,
2314 SE 12TH AVE,SINGLE FAMILY RESIDENCE,1,1924,0.1228,5350,1872,0.349906542,728,1144,
2236 SE LADD AVE,SINGLE FAMILY RESIDENCE,1,1923,0.1175,5120,2185,0.426757813,530,1055,
2042 SE LADD AVE,SINGLE FAMILY RESIDENCE,1,1924,0.1175,5120,2798,0.546484375,750,1244,
2052 SE ELLIOTT AVE,SINGLE FAMILY RESIDENCE,1,1925,0.1322,5760,2724,0.472916667,800,1144,
1534 SE HICKORY ST,SINGLE FAMILY RESIDENCE,1,1924,0.1175,5120,1616,0.315625,618,774,
2111 SE ELLIOTT AVE,SINGLE FAMILY RESIDENCE,1,1915,0.1322,5760,3358,0.582986111,1100,1194,
2133 SE CYPRESS AVE,SINGLE FAMILY RESIDENCE,1,1922,0.1175,5120,2548,0.49765625,1008,1078,
1989 SE LOCUST AVE,DUPLEX,1,1912,0.1171,5100,3126,0.612941176,806,925,
2270 SE CYPRESS AVE,SINGLE FAMILY RESIDENCE,1,1924,0.1736,7560,2800,0.37037037,1100,1100,
2324 SE TAMARACK AVE,SINGLE FAMILY RESIDENCE,1,1924,0.1175,5120,2408,0.4703125,900,1019,
1962 SE HEMLOCK AVE,SINGLE FAMILY RESIDENCE,1,1925,0.1165,5074,2326,0.458415451,768,1098,
1547 SE ELLIOTT AVE,SINGLE FAMILY RESIDENCE,1,1920,0.1175,5120,2562,0.500390625,728,1054,
1703 SE 16TH AVE,SINGLE FAMILY RESIDENCE,1,1927,0.0838,3650,2324,0.636712329,780,1144,
1638 SE HARRISON ST,SINGLE FAMILY RESIDENCE,1,1925,0.0774,3370,1324,0.392878338,408,916,
1409 SE HARRISON ST,SINGLE FAMILY RESIDENCE,1,1928,0.0742,3231,1680,0.51996286,840,840,
1524 SE POPLAR AVE,SINGLE FAMILY RESIDENCE,1,1904,0.1175,5120,3971,0.775585938,1100,1132,
2106 SE HEMLOCK AVE,SINGLE FAMILY RESIDENCE,1,1915,0.1165,5074,3670,0.723295231,1232,1206,
2020 SE SPRUCE AVE,SINGLE FAMILY RESIDENCE,1,1918,0.1175,5120,4076,0.79609375,1600,1516,
1748 SE POPLAR AVE,SINGLE FAMILY RESIDENCE,1,1951,0.1175,5120,2895,0.565429688,936,1405,
2120 SE LADD AVE,SINGLE FAMILY RESIDENCE,2,1922,0.1469,6400,2916,0.455625,1308,1308,
2019 SE CYPRESS AVE,SINGLE FAMILY RESIDENCE,1,1924,0.1175,5120,2460,0.48046875,784,1176,
1938 SE LADD AVE,COMMERCIAL,2,1949,0.2973,12950,5672,0.437992278,,5672,
1531 SE HOLLY ST UNIT A,SINGLE FAMILY RESIDENCE,1,1905,0.191,8320,2967,0.356610577,302,1602,
1518 SE POPLAR AVE,SINGLE FAMILY RESIDENCE,1,1904,0.1175,5120,2720,0.53125,950,980,
1810 SE ELLIOTT AVE,SINGLE FAMILY RESIDENCE,1,2009,0.1702,7415,2209,0.297909643,,1285,
2047 SE LADD AVE,SINGLE FAMILY RESIDENCE,1,1940,0.1175,5120,2968,0.5796875,896,1208,
1824 SE MULBERRY AVE,SINGLE FAMILY RESIDENCE,2,1946,0.0929,4047,1560,0.385470719,780,780,
2419 SE ELLIOTT AVE,SINGLE FAMILY RESIDENCE,1,1925,0.1175,5120,2612,0.51015625,1056,1056,
2031 SE LADD AVE,SINGLE FAMILY RESIDENCE,1,1910,0.1175,5120,2954,0.576953125,1008,1130,
1830 SE 12TH AVE,SINGLE FAMILY RESIDENCE,1,1996,0.0488,2124,1566,0.737288136,,774,
1548 SE ELLIOTT AVE # A,SINGLE FAMILY RESIDENCE,1,1953,0.1175,5120,1742,0.340234375,545,1197,
2211 SE SPRUCE AVE,SINGLE FAMILY RESIDENCE,1,1926,0.0764,3328,1626,0.488581731,696,930,
2114 SE SPRUCE AVE,SINGLE FAMILY RESIDENCE,1,1912,0.1175,5120,2528,0.49375,900,928,
2029 SE HEMLOCK AVE,SINGLE FAMILY RESIDENCE,1,1924,0.0817,3560,1700,0.47752809,468,832,
2405 SE 16TH AVE,SINGLE FAMILY RESIDENCE,1,1923,0.079,3440,2492,0.724418605,900,1092,
1543 SE HOLLY ST,SINGLE FAMILY RESIDENCE,1,1926,0.0882,3840,1894,0.493229167,748,748,
2018 SE LADD AVE,SINGLE FAMILY RESIDENCE,1,1913,0.1175,5120,4396,0.85859375,1456,1505,
1759 SE MAPLE AVE,SINGLE FAMILY RESIDENCE,1,1912,0.1175,5120,3482,0.680078125,1040,1040,
2205 SE LADD AVE,SINGLE FAMILY RESIDENCE,1,1923,0.1175,5120,2910,0.568359375,1114,1152,
2006 SE ELLIOTT AVE,SINGLE FAMILY RESIDENCE,1,1928,0.0838,3652,2052,0.561883899,500,940,
2219 SE TAMARACK AVE,SINGLE FAMILY RESIDENCE,1,1924,0.1228,5350,2408,0.450093458,952,1456,
1945 SE 20TH AVE,SINGLE FAMILY RESIDENCE,1,1925,0.1165,5074,1900,0.374458021,600,650,
1930 SE HAWTHORNE BLVD,COMMERCIAL,0,1985,0.3497,15235,3102,0.203610108,,3102,
2220 SE SPRUCE AVE,SINGLE FAMILY RESIDENCE,1,1909,0.1616,7040,4734,0.672443182,1232,1286,
1559 SE ELLIOTT AVE # 1561,DUPLEX,1,1903,0.1175,5120,4760,0.9296875,960,1821,
2243 SE CYPRESS AVE,SINGLE FAMILY RESIDENCE,1,1924,0.1175,5120,2648,0.5171875,936,1112,
1625 SE HOLLY ST,SINGLE FAMILY RESIDENCE,1,1937,0.1469,6400,2941,0.45953125,945,1296,
1720 SE HAWTHORNE BLVD,WAREHOUSE,0,1949,0.2824,12300,3840,0.312195122,,3840,
1943 SE HEMLOCK AVE,SINGLE FAMILY RESIDENCE,1,1906,0.1328,5785,3352,0.579429559,980,1092,
2310 SE ORANGE AVE,SINGLE FAMILY RESIDENCE,1,1924,0.1056,4600,1518,0.33,432,1086,
1609 SE 16TH AVE # A,SINGLE FAMILY RESIDENCE,4,1911,0.2351,10240,4474,0.436914063,1344,1344,
2320 SE LADD AVE,SINGLE FAMILY RESIDENCE,1,1925,0.1175,5120,1872,0.365625,780,1092,
1542 SE HICKORY ST,SINGLE FAMILY RESIDENCE,1,1924,0.1175,5120,1576,0.3078125,748,828,
2414 SE TAMARACK AVE,SINGLE FAMILY RESIDENCE,1,1924,0.1175,5120,2232,0.4359375,608,1112,
2436 SE 12TH AVE,COMMERCIAL,0,1927,0.3115,13568,8271,0.609596108,,8271,
1525 SE DIVISION ST,SINGLE FAMILY RESIDENCE,1,1925,0.1175,5120,2319,0.452929688,1009,1010,
1453 SE DIVISION ST,SINGLE FAMILY RESIDENCE,1,1923,0.1175,5120,2172,0.42421875,936,936,
2403 SE ELLIOTT AVE,SINGLE FAMILY RESIDENCE,1,1924,0.1175,5120,2056,0.4015625,500,1056,
1701 SE LADD AVE,SINGLE FAMILY RESIDENCE,1,1912,0.1175,5120,3444,0.67265625,962,986,
2330 SE TAMARACK AVE # 2334,DUPLEX,1,1924,0.1175,5120,2700,0.52734375,1100,1200,
2143 SE 20TH AVE,SINGLE FAMILY RESIDENCE,1,1927,0.1165,5074,2408,0.474576271,1008,1008,
2447 SE LADD AVE,SINGLE FAMILY RESIDENCE,1,1923,0.1175,5120,1565,0.305664063,672,893,
1903 SE ELLIOTT AVE,SINGLE FAMILY RESIDENCE,1,1925,0.097,4224,2376,0.5625,900,900,
1537 SE MAPLE AVE,SINGLE FAMILY RESIDENCE,1,1912,0.1175,5120,4424,0.8640625,1218,1218,
1634 SE HAWTHORNE BLVD,APARTMENT,20,1927,0.1624,7073,14400,2.035911212,4800,9600,
2413 SE 16TH AVE,SINGLE FAMILY RESIDENCE,1,1923,0.0771,3360,2144,0.638095238,1000,1144,
1431 SE DIVISION ST,SINGLE FAMILY RESIDENCE,1,1923,0.1175,5120,1786,0.348828125,800,986,
1942 SE LARCH AVE,SINGLE FAMILY RESIDENCE,1,1908,0.0987,4300,2828,0.657674419,900,974,
1628 SE LADD AVE APT A,CONDOMINIUM,1,1910,,,1747,0,851,896,
1744 SE LOCUST AVE,SINGLE FAMILY RESIDENCE,1,1908,0.2135,9300,3321,0.357096774,1112,1609,
1958 SE MULBERRY AVE,SINGLE FAMILY RESIDENCE,1,1910,0.1175,5120,2804,0.54765625,800,902,
1914 SE LADD AVE,SINGLE FAMILY RESIDENCE,1,1910,0.1175,5120,2881,0.562695313,986,987,
2222 SE ORANGE AVE,SINGLE FAMILY RESIDENCE,1,1924,0.1102,4800,1946,0.405416667,600,1118,
2043 SE 16TH AVE # 2055,DUPLEX,2,1924,0.1841,8018,1844,0.229982539,500,1024,
2293 SE CYPRESS AVE,SINGLE FAMILY RESIDENCE,1,1925,0.1175,5120,2460,0.48046875,840,1120,
1849 SE 20TH AVE,SINGLE FAMILY RESIDENCE,1,1913,0.1273,5546,3595,0.64821493,1064,1080,
2119 SE ELLIOTT AVE,SINGLE FAMILY RESIDENCE,1,1925,0.1616,7040,2017,0.286505682,744,873,
1541 SE MAPLE AVE,SINGLE FAMILY RESIDENCE,1,1925,0.1175,5120,2050,0.400390625,748,1302,
1442 SE PALM ST,SINGLE FAMILY RESIDENCE,1,1925,0.0675,2940,1612,0.54829932,806,806,
2207 SE ELLIOTT AVE,SINGLE FAMILY RESIDENCE,1,1924,0.0882,3840,2552,0.664583333,832,848,
1620 SE ELLIOTT AVE # 1622,DUPLEX,2,1962,0.1175,5120,2700,0.52734375,960,1740,
2255 SE SPRUCE AVE,SINGLE FAMILY RESIDENCE,2,1924,0.0999,4350,2128,0.489195402,1064,1064,
1737 SE MAPLE AVE,SINGLE FAMILY RESIDENCE,1,1908,0.1175,5120,3976,0.7765625,1120,1364,
2282 SE SPRUCE AVE,SINGLE FAMILY RESIDENCE,1,1951,0.1175,5120,780,0.15234375,,780,
2325 SE 20TH AVE,SINGLE FAMILY RESIDENCE,1,1925,0.0702,3060,1892,0.618300654,672,780,
1533 SE DIVISION ST,SINGLE FAMILY RESIDENCE,1,1926,0.1175,5120,1880,0.3671875,768,776,
2102 SE 12TH AVE,APARTMENT,3,1927,0.1165,5074,9042,1.782026015,2046,3498,
2420 SE LADD AVE,SINGLE FAMILY RESIDENCE,1,1924,0.1175,5120,2488,0.4859375,960,1080,
1905 SE DIVISION ST,SINGLE FAMILY RESIDENCE,1,1924,0.1245,5424,2288,0.421828909,1144,1144,
1926 SE 12TH AVE,CONDOMINIUM,1,1923,,,1838,0,579,611,
1650 SE HAWTHORNE BLVD,APARTMENT,43,1924,0.3388,14760,23580,1.597560976,4444,19136,
1512 SE 16TH AVE,APARTMENT,14,1927,0.1129,4920,12342,2.508536585,4114,8228,
1817 SE 16TH AVE,SINGLE FAMILY RESIDENCE,1,1926,0.0689,3000,1472,0.490666667,504,968,
1591 SE MAPLE AVE,SINGLE FAMILY RESIDENCE,1,1922,0.1175,5120,2943,0.574804688,780,915,
1823 SE 20TH AVE,SINGLE FAMILY RESIDENCE,1,1918,0.1354,5900,3352,0.568135593,984,984,
2111 SE ORANGE AVE,SINGLE FAMILY RESIDENCE,1,1912,0.1175,5120,3627,0.708398438,1008,1071,
1959 SE LADD AVE,SINGLE FAMILY RESIDENCE,1,1924,0.1099,4788,1688,0.352548037,700,988,
2134 SE ELLIOTT AVE,SINGLE FAMILY RESIDENCE,1,1911,0.1616,7040,5385,0.764914773,1344,1401,
2032 SE LADD AVE,SINGLE FAMILY RESIDENCE,1,1913,0.1469,6400,4922,0.7690625,1344,1434,
2266 SE SPRUCE AVE,SINGLE FAMILY RESIDENCE,1,1929,0.1175,5120,2910,0.568359375,1100,1210,
2153 SE 20TH AVE,SINGLE FAMILY RESIDENCE,1,1949,0.1165,5074,2338,0.460780449,944,944,
1804 SE 16TH AVE,COMMERCIAL,1,1909,0.2968,12930,7438,0.575251353,3719,3719,
1822 SE 12TH AVE,SINGLE FAMILY RESIDENCE,3,1996,0.0677,2950,1891,0.641016949,,775,
1526 SE HAWTHORNE BLVD,APARTMENT,4,1925,0.1694,7380,7488,1.014634146,2496,2496,
2253 SE CYPRESS AVE,SINGLE FAMILY RESIDENCE,1,1924,0.1175,5120,2606,0.508984375,960,1118,
2052 SE LADD AVE,SINGLE FAMILY RESIDENCE,1,1925,0.1469,6400,2311,0.36109375,1017,1294,
2212 SE 12TH AVE # A,SINGLE FAMILY RESIDENCE,4,1924,0.1159,5050,2754,0.545346535,1056,1154,
2303 SE LADD AVE,SINGLE FAMILY RESIDENCE,1,1924,0.1175,5120,1980,0.38671875,616,1064,
1952 SE MULBERRY AVE,SINGLE FAMILY RESIDENCE,1,1910,0.1175,5120,3300,0.64453125,800,1060,
2261 SE CYPRESS AVE,SINGLE FAMILY RESIDENCE,1,1924,0.1175,5120,2576,0.503125,1013,1055,
1909 SE ELLIOTT AVE,SINGLE FAMILY RESIDENCE,1,1925,0.097,4224,2232,0.528409091,900,900,
1646 SE ELLIOTT AVE,SINGLE FAMILY RESIDENCE,2,1912,0.1469,6400,5106,0.7978125,1140,1322,
2013 SE 20TH AVE # A,SINGLE FAMILY RESIDENCE,1,1925,0.1165,5074,2032,0.400473,1016,1016,
1700 SE LADD AVE,SINGLE FAMILY RESIDENCE,2,1939,0.1469,6400,2409,0.37640625,930,1029,
1734 SE LADD AVE,SINGLE FAMILY RESIDENCE,2,1911,0.1175,5120,5097,0.995507813,1344,1393,
2129 SE LARCH AVE,SINGLE FAMILY RESIDENCE,1,1912,0.1165,5074,3048,0.600709499,896,936,
1529 SE MAPLE AVE,SINGLE FAMILY RESIDENCE,1,1927,0.1175,5120,2372,0.46328125,840,830,
2323 SE TAMARACK AVE,SINGLE FAMILY RESIDENCE,1,1924,0.1377,6000,2616,0.436,1092,1092,
2412 SE LADD AVE,SINGLE FAMILY RESIDENCE,1,1924,0.1175,5120,1964,0.38359375,982,982,
1930 SE MULBERRY AVE,SINGLE FAMILY RESIDENCE,1,1910,0.1175,5120,2946,0.575390625,896,1004,
1508 SE HICKORY ST,SINGLE FAMILY RESIDENCE,1,1923,0.1175,5120,2036,0.39765625,1000,1036,
1821 SE ELLIOTT AVE,SINGLE FAMILY RESIDENCE,1,1909,0.1469,6400,5220,0.815625,1200,1540,
1745 SE LADD AVE,SINGLE FAMILY RESIDENCE,1,1943,0.1322,5760,3100,0.538194444,1199,1331,
,VACANT,0,,0.0758,3300,,0,,,
2037 SE LARCH AVE,SINGLE FAMILY RESIDENCE,1,1926,0.1165,5074,2490,0.490737091,1200,1290,
1902 SE 12TH AVE,SINGLE FAMILY RESIDENCE,2,1913,0.149,6490,3468,0.534360555,1064,1264,
2209 SE ORANGE AVE # 2211,DUPLEX,1,1923,0.1175,5120,3852,0.75234375,1188,1332,
2211 SE CYPRESS AVE,SINGLE FAMILY RESIDENCE,1,1924,0.115,5010,2268,0.452694611,676,1092,
1421 SE DIVISION ST,SINGLE FAMILY RESIDENCE,1,1927,0.1144,4985,2544,0.510330993,1122,1122,
1965 SE HEMLOCK AVE,SINGLE FAMILY RESIDENCE,1,1910,0.1328,5785,3154,0.545203111,1260,1444,
1445 SE DIVISION ST # A,SINGLE FAMILY RESIDENCE,1,1924,0.1175,5120,2260,0.44140625,800,1036,
1536 SE POPLAR AVE,SINGLE FAMILY RESIDENCE,1,1920,0.1175,5120,3820,0.74609375,1200,1200,
1538 SE HOLLY ST,SINGLE FAMILY RESIDENCE,2,1909,0.1175,5120,3304,0.6453125,984,984,
1421 SE BIRCH ST,SINGLE FAMILY RESIDENCE,1,1924,0.0782,3408,1736,0.509389671,800,936,
2303 SE TAMARACK AVE,SINGLE FAMILY RESIDENCE,1,1924,0.0996,4340,1526,0.351612903,672,854,
2021 SE LARCH AVE,SINGLE FAMILY RESIDENCE,1,1938,0.1165,5074,2576,0.507686244,1000,1376,
2276 SE SPRUCE AVE,SINGLE FAMILY RESIDENCE,1,1909,0.1175,5120,3297,0.643945313,936,957,
1918 SE HEMLOCK AVE,CONDOMINIUM,1,1956,,,1378,0,497,881,
1753 SE MAPLE AVE,SINGLE FAMILY RESIDENCE,1,1910,0.1175,5120,2700,0.52734375,934,934,
1542 SE POPLAR AVE,SINGLE FAMILY RESIDENCE,1,1906,0.1175,5120,3842,0.750390625,928,1128,
1911 SE LADD AVE,SINGLE FAMILY RESIDENCE,1,1925,0.1028,4480,2482,0.554017857,672,1086,
1838 SE LAVENDER ST,SINGLE FAMILY RESIDENCE,1,1928,0.1201,5230,2209,0.422370937,754,775,
2146 SE 12TH AVE # 2148,DUPLEX,3,1925,0.1165,5074,2112,0.416239653,640,1472,
1838 SE ELLIOTT AVE,SINGLE FAMILY RESIDENCE,1,1908,0.1175,5120,3750,0.732421875,1120,1120,
1720 SE LAVENDER ST,SINGLE FAMILY RESIDENCE,1,1924,0.0735,3200,2448,0.765,784,1064,
1826 SE 12TH AVE,SINGLE FAMILY RESIDENCE,1,1996,0.0488,2124,2327,1.095574388,,774,
2321 SE LADD AVE,SINGLE FAMILY RESIDENCE,1,1924,0.1175,5120,2288,0.446875,1144,1144,
1813 SE LOCUST AVE,SINGLE FAMILY RESIDENCE,1,1923,0.1175,5120,3165,0.618164063,1056,1325,
2228 SE TAMARACK AVE,SINGLE FAMILY RESIDENCE,1,1924,0.0735,3200,3156,0.98625,810,1238,
2227 SE LADD AVE,SINGLE FAMILY RESIDENCE,1,1923,0.1175,5120,1854,0.362109375,567,1017,
1573 SE MAPLE AVE,SINGLE FAMILY RESIDENCE,1,1987,0.1175,5120,2372,0.46328125,,1172,
2050 SE SPRUCE AVE,SINGLE FAMILY RESIDENCE,1,1931,0.1763,7680,2449,0.318880208,800,1249,
1950 SE LARCH AVE,SINGLE FAMILY RESIDENCE,1,1909,0.0795,3464,2843,0.820727483,864,831,
2212 SE TAMARACK AVE,SINGLE FAMILY RESIDENCE,1,1924,0.1175,5120,2752,0.5375,1148,1204,
1306 SE HARRISON ST,SINGLE FAMILY RESIDENCE,1,1920,0.0615,2679,2372,0.885405002,780,812,
1912 SE ELLIOTT AVE,SINGLE FAMILY RESIDENCE,1,1926,0.1117,4864,2434,0.500411184,690,1044,
1801 SE LOCUST AVE,SINGLE FAMILY RESIDENCE,1,1928,0.1175,5120,2890,0.564453125,884,1302,
1730 SE POPLAR AVE,SINGLE FAMILY RESIDENCE,1,1910,0.1175,5120,3566,0.696484375,1064,1102,
2110 SE LARCH AVE,SINGLE FAMILY RESIDENCE,1,1924,0.0606,2640,1301,0.49280303,480,821,
1816 SE 12TH AVE,SINGLE FAMILY RESIDENCE,2,1943,0.1436,6254,2616,0.418292293,952,1264,
2127 SE ELLIOTT AVE,SINGLE FAMILY RESIDENCE,1,1925,0.1028,4480,2466,0.550446429,1000,1058,
2243 SE ELLIOTT AVE,SINGLE FAMILY RESIDENCE,1,1935,0.1175,5120,2496,0.4875,948,948,
2231 SE ELLIOTT AVE,DUPLEX,1,1925,0.1175,5120,3620,0.70703125,1260,1260,
2436 SE TAMARACK AVE,SINGLE FAMILY RESIDENCE,1,1924,0.1175,5120,2080,0.40625,832,832,
2141 SE CYPRESS AVE,SINGLE FAMILY RESIDENCE,1,1923,0.1175,5120,2783,0.543554688,928,1265,
2304 SE LADD AVE,SINGLE FAMILY RESIDENCE,1,1923,0.1175,5120,2030,0.396484375,504,1078,
1927 SE LOCUST AVE,SINGLE FAMILY RESIDENCE,1,1950,0.2351,10240,2532,0.247265625,800,1354,
2036 SE SPRUCE AVE,SINGLE FAMILY RESIDENCE,1,1926,0.1763,7680,3328,0.433333333,1380,1408,
1615 SE 20TH AVE,SINGLE FAMILY RESIDENCE,1,1925,0.1033,4500,1994,0.443111111,500,878,
1541 SE DIVISION ST,SINGLE FAMILY RESIDENCE,1,1948,0.1175,5120,2282,0.445703125,1140,1142,
2027 SE LADD AVE,SINGLE FAMILY RESIDENCE,1,1960,0.1175,5120,2000,0.390625,1000,1000,
1606 SE ELLIOTT AVE,SINGLE FAMILY RESIDENCE,1,1908,0.1175,5120,3692,0.72109375,1120,1152,
1606 SE HOLLY ST,SINGLE FAMILY RESIDENCE,1,1923,0.1175,5120,3552,0.69375,1184,1184,
1931 SE LADD AVE # 1937,DUPLEX,1,1924,0.1469,6400,2934,0.4584375,700,1355,
1556 SE POPLAR AVE,SINGLE FAMILY RESIDENCE,1,1909,0.1175,5120,4342,0.848046875,1222,1552,
1940 SE 12TH AVE,APARTMENT,5,1959,0.233,10148,7962,0.784588096,,7962,
1721 SE LAVENDER ST,SINGLE FAMILY RESIDENCE,1,1926,0.0808,3520,1605,0.455965909,405,875,
2129 SE LADD AVE # 2131,SINGLE FAMILY RESIDENCE,1,1913,0.1175,5120,4674,0.912890625,1232,1266,
1314 SE BIRCH ST,SINGLE FAMILY RESIDENCE,1,1925,0.0627,2730,1640,0.600732601,400,840,
2046 SE 12TH AVE,CONDOMINIUM,1,1926,,,1755,0,563,596,
1750 SE MULBERRY AVE,SINGLE FAMILY RESIDENCE,3,1920,0.1175,5120,2450,0.478515625,720,860,
2025 SE ELLIOTT AVE,SINGLE FAMILY RESIDENCE,1,1937,0.1175,5120,3288,0.6421875,1200,1210,
1500 SE HAWTHORNE BLVD,APARTMENT,5,1912,0.2118,9225,7158,0.775934959,1639,1885,
1917 SE DIVISION ST,SINGLE FAMILY RESIDENCE,1,1924,0.0925,4030,1872,0.464516129,780,1092,
2101 SE 20TH AVE,SINGLE FAMILY RESIDENCE,1,1924,0.1165,5074,2707,0.533504139,1080,1087,
2244 SE LADD AVE,SINGLE FAMILY RESIDENCE,1,1923,0.1175,5120,2146,0.419140625,528,1034,
2265 SE SPRUCE AVE,SINGLE FAMILY RESIDENCE,2,1924,0.0915,3984,2306,0.578815261,1000,1020,
1603 SE LADD AVE,SINGLE FAMILY RESIDENCE,1,1910,0.1469,6400,3030,0.4734375,891,951,
1605 SE HOLLY ST,SINGLE FAMILY RESIDENCE,1,1904,0.1175,5120,2948,0.57578125,924,1100,
1726 SE LADD AVE,SINGLE FAMILY RESIDENCE,2,1927,0.1175,5120,2118,0.413671875,721,721,
1714 SE HAZEL ST # 1718,DUPLEX,1,1942,0.1175,5120,4060,0.79296875,1550,1550,
1556 SE MAPLE AVE,SINGLE FAMILY RESIDENCE,1,1905,0.1054,4590,3043,0.662962963,666,1008,
2133 SE ORANGE AVE # A,SINGLE FAMILY RESIDENCE,2,1924,0.1175,5120,2080,0.40625,832,832,
1864 SE ELLIOTT AVE,SINGLE FAMILY RESIDENCE,1,1941,0.1175,5120,2038,0.398046875,874,874,
1955 SE MULBERRY AVE,SINGLE FAMILY RESIDENCE,1,1923,0.169,7360,2573,0.349592391,550,2023,
1512 SE HAWTHORNE BLVD,APARTMENT,4,1972,0.1835,7995,5376,0.672420263,,2592,
2033 SE ELLIOTT AVE,SINGLE FAMILY RESIDENCE,1,1911,0.1175,5120,3138,0.612890625,800,1006,
1647 SE ELLIOTT AVE # 1701,DUPLEX,1,1941,0.1469,6400,2910,0.4546875,1170,1172,
1518 SE HICKORY ST # A,SINGLE FAMILY RESIDENCE,2,1924,0.1175,5120,1917,0.374414063,624,1019,
1312 SE HAWTHORNE BLVD # 1334,COMMERCIAL,0,1926,0.2722,11859,10974,0.925373134,,10974,
1719 SE LADD AVE,SINGLE FAMILY RESIDENCE,1,1911,0.1175,5120,2954,0.576953125,962,1030,
1637 SE LADD AVE,SINGLE FAMILY RESIDENCE,1,1909,0.1175,5120,3629,0.708789063,1040,1062,
1559 SE MAPLE AVE,SINGLE FAMILY RESIDENCE,1,1905,0.1175,5120,3219,0.628710938,960,1139,
2229 SE SPRUCE AVE,SINGLE FAMILY RESIDENCE,1,1926,0.0617,2688,1710,0.636160714,530,900,
1925 SE LARCH AVE,SINGLE FAMILY RESIDENCE,1,1909,0.1165,5074,3120,0.614899488,910,1150,
1313 SE BIRCH ST,SINGLE FAMILY RESIDENCE,1,1924,0.079,3440,1432,0.41627907,320,1112,
1509 SE HOLLY ST,SINGLE FAMILY RESIDENCE,1,1905,0.1469,6400,2858,0.4465625,1008,1066,
1334 SE PALM ST # 1346,DUPLEX,1,1964,0.2351,10240,4097,0.400097656,,4097,
1574 SE POPLAR AVE,SINGLE FAMILY RESIDENCE,1,1905,0.1175,5120,3332,0.65078125,1092,1148,
1620 SE HAWTHORNE BLVD # 1624,COMMERCIAL,0,1954,0.12,5228,3546,0.678270849,,3321,
2138 SE 12TH AVE,SINGLE FAMILY RESIDENCE,3,1924,0.1165,5074,2176,0.428852976,432,1096,
2290 SE SPRUCE AVE,SINGLE FAMILY RESIDENCE,1,1924,0.1175,5120,2769,0.540820313,1144,1144,
,VACANT,0,,0.2296,10000,,0,,,
1942 SE HEMLOCK AVE,SINGLE FAMILY RESIDENCE,1,1952,0.1616,7040,2399,0.340767045,972,1427,
1717 SE HAZEL ST,SINGLE FAMILY RESIDENCE,1,1948,0.1139,4960,2296,0.462903226,1148,1148,
2328 SE 12TH AVE,SINGLE FAMILY RESIDENCE,1,1924,0.1093,4760,1872,0.393277311,728,1144,
2430 SE TAMARACK AVE,SINGLE FAMILY RESIDENCE,1,1957,0.1175,5120,2180,0.42578125,1090,1090,
2120 SE 12TH AVE,SINGLE FAMILY RESIDENCE,3,1924,0.1165,5074,2610,0.514387071,1110,1110,
1553 SE MAPLE AVE,DUPLEX,1,1910,0.1175,5120,3372,0.65859375,1104,1134,
1517 SE DIVISION ST,SINGLE FAMILY RESIDENCE,1,1926,0.1175,5120,2460,0.48046875,1080,1080,
1321 SE BIRCH ST,SINGLE FAMILY RESIDENCE,1,1924,0.0771,3360,2154,0.641071429,598,1276,
1711 SE ELLIOTT AVE,SINGLE FAMILY RESIDENCE,1,1909,0.2057,8960,5720,0.638392857,1374,1575,
1504 SE POPLAR AVE,SINGLE FAMILY RESIDENCE,1,1904,0.1175,5120,3825,0.747070313,926,1098,
2419 SE 16TH AVE,SINGLE FAMILY RESIDENCE,1,1923,0.079,3440,2364,0.687209302,936,1092,
2128 SE LADD AVE,SINGLE FAMILY RESIDENCE,1,1913,0.1175,5120,4699,0.917773438,1232,1303,
,VACANT,0,,0.0882,3840,,0,,,
,VACANT,0,,0.0055,240,,0,,,
2026 SE ELLIOTT AVE,SINGLE FAMILY RESIDENCE,1,1916,0.1175,5120,2910,0.568359375,832,887,
1569 SE ELLIOTT AVE,SINGLE FAMILY RESIDENCE,1,1939,0.1704,7424,2852,0.384159483,1126,1118,
2110 SE TAMARACK AVE,SINGLE FAMILY RESIDENCE,1,1924,0.1175,5120,2420,0.47265625,700,1216,
1332 SE BIRCH ST # 1336,DUPLEX,1,1924,0.0882,3840,2640,0.6875,640,1280,
1841 SE 20TH AVE,SINGLE FAMILY RESIDENCE,1,1927,0.1165,5074,2153,0.424320063,676,1177,
1314 SE HARRISON ST,SINGLE FAMILY RESIDENCE,1,1920,0.0597,2600,2380,0.915384615,780,820,
2018 SE ELLIOTT AVE,SINGLE FAMILY RESIDENCE,1,1924,0.1175,5120,3186,0.622265625,1200,1286,
1665 SE HOLLY ST,SINGLE FAMILY RESIDENCE,1,1907,0.1175,5120,2580,0.50390625,864,966,
1812 SE LADD AVE,SINGLE FAMILY RESIDENCE,1,1924,0.1175,5120,2692,0.52578125,728,1332,
1524 SE LADD AVE # 1528,APARTMENT,5,1923,0.2112,9200,15840,1.72173913,5280,5280,
2341 SE LADD AVE,SINGLE FAMILY RESIDENCE,1,1943,0.1763,7680,2794,0.363802083,1392,1402,
2133 SE 20TH AVE,SINGLE FAMILY RESIDENCE,1,1925,0.1165,5074,3316,0.653527789,1408,1408,
1937 SE 20TH AVE,SINGLE FAMILY RESIDENCE,1,1951,0.1165,5074,1213,0.239061884,,1213,
1606 SE POPLAR AVE,SINGLE FAMILY RESIDENCE,1,1909,0.1175,5120,4636,0.90546875,1288,1500,
1533 SE HICKORY ST,SINGLE FAMILY RESIDENCE,1,1924,0.0808,3520,1820,0.517045455,520,988,
1711 SE LOCUST AVE,SINGLE FAMILY RESIDENCE,1,1923,0.1175,5120,2756,0.53828125,1028,1028,
1828 SE LADD AVE,SINGLE FAMILY RESIDENCE,1,1923,0.1175,5120,2718,0.530859375,700,1318,
1537 SE ELLIOTT AVE,SINGLE FAMILY RESIDENCE,1,1906,0.1175,5120,4336,0.846875,1148,1223,
2058 SE SPRUCE AVE,SINGLE FAMILY RESIDENCE,1,1923,0.1175,5120,2960,0.578125,1000,1560,
1620 SE HOLLY ST,SINGLE FAMILY RESIDENCE,1,1910,0.1318,5740,4128,0.719163763,1376,1376,
1802 SE MULBERRY AVE,SINGLE FAMILY RESIDENCE,3,1917,0.1175,5120,2634,0.514453125,1125,1509,
1729 SE MAPLE AVE,SINGLE FAMILY RESIDENCE,1,1913,0.1175,5120,3952,0.771875,1100,1176,
1635 SE HICKORY ST,SINGLE FAMILY RESIDENCE,1,1924,0.0781,3400,1673,0.492058824,800,873,
2014 SE SPRUCE AVE,SINGLE FAMILY RESIDENCE,1,1908,0.1175,5120,3022,0.590234375,952,968,
1546 SE LADD AVE # 1550,DUPLEX,2,1909,0.109,4749,4350,0.915982312,1450,1450,
1836 SE 12TH AVE,SINGLE FAMILY RESIDENCE,3,1996,0.0677,2950,1891,0.641016949,,775,
2050 SE 16TH AVE,SINGLE FAMILY RESIDENCE,1,1959,0.1823,7940,2301,0.289798489,715,1250,
2222 SE TAMARACK AVE,SINGLE FAMILY RESIDENCE,1,1927,0.0808,3520,2174,0.617613636,624,1022,
2115 SE LADD AVE,SINGLE FAMILY RESIDENCE,1,1926,0.1175,5120,3012,0.58828125,912,1410,
1640 SE HOLLY ST,SINGLE FAMILY RESIDENCE,1,1913,0.1729,7530,5423,0.720185923,1260,1519,
2037 SE HEMLOCK AVE,SINGLE FAMILY RESIDENCE,1,1924,0.0817,3560,2063,0.579494382,982,1081,
1305 SE BIRCH ST,SINGLE FAMILY RESIDENCE,1,1924,0.079,3440,2048,0.595348837,600,1278,
2109 SE CYPRESS AVE,SINGLE FAMILY RESIDENCE,1,1924,0.1175,5120,2680,0.5234375,1140,1140,
2100 SE SPRUCE AVE,SINGLE FAMILY RESIDENCE,1,1912,0.1175,5120,2649,0.517382813,868,969,
1938 SE ELLIOTT AVE,SINGLE FAMILY RESIDENCE,1,1909,0.1469,6400,4492,0.701875,1200,1239,
1544 SE HAWTHORNE BLVD,DUPLEX,4,1913,0.1928,8400,5824,0.693333333,1593,2136,
1842 SE HAZEL ST,SINGLE FAMILY RESIDENCE,1,1924,0.079,3440,2040,0.593023256,704,704,
,COMMERCIAL,0,,0.1618,7047,,0,,,
1927 SE ELLIOTT AVE,SINGLE FAMILY RESIDENCE,1,1996,0.1175,5120,4397,0.858789063,1440,1453,
2217 SE ORANGE AVE # 2221,DUPLEX,1,1924,0.1175,5120,4005,0.782226563,1215,1395,
2252 SE SPRUCE AVE,SINGLE FAMILY RESIDENCE,1,1924,0.1175,5120,2384,0.465625,900,1184,
1853 SE LADD AVE,SINGLE FAMILY RESIDENCE,1,1910,0.1175,5120,3746,0.731640625,1126,1126,
,SINGLE FAMILY RESIDENCE,1,,0.1175,5120,,0,,,
2005 SE 20TH AVE,SINGLE FAMILY RESIDENCE,1,1926,0.1165,5074,2800,0.551832873,1200,1200,
2004 SE SPRUCE AVE,SINGLE FAMILY RESIDENCE,1,1911,0.1175,5120,3843,0.750585938,1082,1117,
1904 SE ELLIOTT AVE # 1906,DUPLEX,1,1906,0.1175,5120,3156,0.61640625,784,1168,
1991 SE LADD AVE,SINGLE FAMILY RESIDENCE,1,1929,0.1481,6450,3113,0.482635659,1115,1298,
,VACANT,0,,0.2296,10000,,0,,,
1988 SE LADD AVE,RETAIL,0,1924,0.1561,6800,4172,0.613529412,,4172,
1818 SE ELLIOTT AVE,SINGLE FAMILY RESIDENCE,1,1913,0.1236,5385,3037,0.563974002,868,1301,
2119 SE LARCH AVE,SINGLE FAMILY RESIDENCE,1,1911,0.1165,5074,3239,0.638352385,840,1131,
1304 SE PALM ST # 1310,DUPLEX,1,1924,0.1249,5440,2808,0.516176471,900,1140,
1410 SE HARRISON ST,SINGLE FAMILY RESIDENCE,1,1924,0.0606,2640,1313,0.497348485,500,813,
2328 SE LADD AVE,SINGLE FAMILY RESIDENCE,1,1924,0.1175,5120,2408,0.4703125,728,1156,
2406 SE TAMARACK AVE,SINGLE FAMILY RESIDENCE,1,1924,0.1175,5120,2230,0.435546875,532,1166,
1852 SE ELLIOTT AVE,SINGLE FAMILY RESIDENCE,1,1931,0.1175,5120,2070,0.404296875,830,886,
1643 SE LADD AVE,SINGLE FAMILY RESIDENCE,1,1913,0.1175,5120,3828,0.74765625,1176,1176,
1651 SE HOLLY ST,SINGLE FAMILY RESIDENCE,1,1930,0.1469,6400,2086,0.3259375,772,894,
1311 SE HARRISON ST # 1315,DUPLEX,1,1924,0.0645,2810,1920,0.683274021,640,1280,
2456 SE TAMARACK AVE # 2460,DUPLEX,1,1925,0.2351,10240,10264,1.00234375,5132,5132,
2125 SE CYPRESS AVE,SINGLE FAMILY RESIDENCE,1,1923,0.1175,5120,2212,0.43203125,936,936,
2063 SE LADD AVE,SINGLE FAMILY RESIDENCE,1,1924,0.1763,7680,2606,0.339322917,900,1106,
1912 SE 12TH AVE # 1918,DUPLEX,3,1925,0.1734,7552,4302,0.569650424,1482,1482,
,CONDOMINIUM,2,,,,,0,,,
1718 SE 16TH AVE,SINGLE FAMILY RESIDENCE,1,1910,0.281,12240,5157,0.421323529,1292,1538,
1823 SE LOCUST AVE,SINGLE FAMILY RESIDENCE,1,1948,0.1175,5120,3112,0.6078125,1164,1164,
1904 SE LADD AVE,SINGLE FAMILY RESIDENCE,1,1928,0.1175,5120,2349,0.458789063,957,957,
1801 SE ELLIOTT AVE,SINGLE FAMILY RESIDENCE,1,1925,0.1175,5120,2972,0.58046875,1100,1088,
1708 SE MAPLE AVE,SINGLE FAMILY RESIDENCE,1,1922,0.0784,3416,2130,0.6235363,1024,1106,
1821 SE HAZEL ST,SINGLE FAMILY RESIDENCE,1,1925,0.0771,3360,2716,0.808333333,1142,1142,
1722 SE MULBERRY AVE # 1724,DUPLEX,3,1961,0.1175,5120,1632,0.31875,,1632,
1919 SE ELLIOTT AVE,SINGLE FAMILY RESIDENCE,1,1928,0.1469,6400,3127,0.48859375,1245,1282,
1431 SE PALM ST,SINGLE FAMILY RESIDENCE,1,1948,0.1175,5120,2238,0.437109375,1119,1119,
1720 SE 12TH AVE # 1742,RETAIL,0,1927,0.1557,6784,7037,1.037293632,1160,5877,
2041 SE ELLIOTT AVE,SINGLE FAMILY RESIDENCE,1,1913,0.1763,7680,4208,0.547916667,1344,1488,
2010 SE LADD AVE,SINGLE FAMILY RESIDENCE,1,1956,0.1175,5120,1000,0.1953125,,1000,
1903 SE LADD AVE,SINGLE FAMILY RESIDENCE,1,1910,0.1175,5120,3230,0.630859375,1021,1021,
1744 SE LADD AVE,SINGLE FAMILY RESIDENCE,2,1922,0.1175,5120,2584,0.5046875,1092,1092,
1507 SE DIVISION ST # 1511,DUPLEX,1,1964,0.1175,5120,1960,0.3828125,,1960,
1614 SE ELLIOTT AVE,SINGLE FAMILY RESIDENCE,1,1926,0.1175,5120,2082,0.406640625,766,916,
1918 SE ELLIOTT AVE,SINGLE FAMILY RESIDENCE,1,1914,0.1234,5376,3269,0.608072917,884,1013,
1621 SE HICKORY ST,SINGLE FAMILY RESIDENCE,1,1923,0.1175,5120,1528,0.2984375,594,934,
2058 SE ELLIOTT AVE,SINGLE FAMILY RESIDENCE,1,1952,0.1322,5760,1652,0.286805556,460,1192,
1918 SE LADD AVE,SINGLE FAMILY RESIDENCE,1,1910,0.1175,5120,3734,0.729296875,972,1154,
2336 SE LADD AVE,SINGLE FAMILY RESIDENCE,1,1926,0.1175,5120,2152,0.4203125,600,1072,
2329 SE LADD AVE,SINGLE FAMILY RESIDENCE,1,1942,0.1763,7680,3157,0.411067708,1156,1525,
2320 SE 16TH AVE,SINGLE FAMILY RESIDENCE,1,1923,0.079,3440,2332,0.677906977,936,1092,
1919 SE MULBERRY AVE,SINGLE FAMILY RESIDENCE,1,1943,0.14,6100,1847,0.302786885,390,1157,
2128 SE HEMLOCK AVE # A,SINGLE FAMILY RESIDENCE,1,1916,0.1165,5074,4528,0.89239259,1232,1336,
1549 SE HICKORY ST,SINGLE FAMILY RESIDENCE,1,1924,0.1175,5120,1474,0.287890625,700,774,
1955 SE HEMLOCK AVE,SINGLE FAMILY RESIDENCE,1,1913,0.1329,5789,4378,0.756261876,1200,1378,
2232 SE SPRUCE AVE,SINGLE FAMILY RESIDENCE,1,1954,0.1175,5120,928,0.18125,,928,
2041 SE LADD AVE,SINGLE FAMILY RESIDENCE,1,1926,0.1175,5120,2752,0.5375,800,1302,
1503 SE HARRISON ST,DUPLEX,1,1923,0.14,6100,2253,0.369344262,,1007,
2114 SE LADD AVE,SINGLE FAMILY RESIDENCE,1,1913,0.1175,5120,4188,0.81796875,1456,1508,
1649 SE LADD AVE,SINGLE FAMILY RESIDENCE,1,1930,0.1175,5120,3700,0.72265625,1320,1380,
1341 SE BIRCH ST,SINGLE FAMILY RESIDENCE,1,1924,0.0753,3280,2099,0.639939024,728,938,
1953 SE 20TH AVE,SINGLE FAMILY RESIDENCE,1,1913,0.1165,5074,2508,0.494284588,884,944,
2305 SE 16TH AVE,SINGLE FAMILY RESIDENCE,1,1923,0.079,3440,2026,0.588953488,1000,1026,
1636 SE ELLIOTT AVE,SINGLE FAMILY RESIDENCE,2,1913,0.1469,6400,5614,0.8771875,1292,1534,
1721 SE ELLIOTT AVE # 1725,DUPLEX,1,1949,0.2057,8960,2996,0.334375,1000,1996,
2311 SE 16TH AVE,SINGLE FAMILY RESIDENCE,1,1923,0.0771,3360,1734,0.516071429,816,918,
1716 SE ELLIOTT AVE # 1718,DUPLEX,2,1944,0.1337,5824,2860,0.491071429,936,1424,
1976 SE MULBERRY AVE,SINGLE FAMILY RESIDENCE,1,1925,0.1175,5120,2624,0.5125,840,944,
1905 SE LARCH AVE,SINGLE FAMILY RESIDENCE,1,1912,0.1246,5428,2820,0.519528371,896,1000,
1526 SE HICKORY ST,SINGLE FAMILY RESIDENCE,1,1923,0.1175,5120,707,0.138085938,,707,
2111 SE LARCH AVE,SINGLE FAMILY RESIDENCE,1,1912,0.1165,5074,2456,0.484036263,672,816,
2009 SE LARCH AVE # 2015,DUPLEX,1,1925,0.1165,5074,2720,0.53606622,680,1428,
2005 SE CYPRESS AVE,SINGLE FAMILY RESIDENCE,1,1910,0.1171,5100,3676,0.720784314,1092,1092,
1974 SE HEMLOCK AVE,SINGLE FAMILY RESIDENCE,1,1924,0.1165,5074,2980,0.587307844,1128,1128,
1844 SE HAWTHORNE BLVD # 1864,COMMERCIAL,0,1927,0.1474,6421,5964,0.928827285,,5964,
1838 SE HARRISON ST,SINGLE FAMILY RESIDENCE,1,1910,0.1328,5785,4651,0.803975799,1394,1570,
2306 SE 16TH AVE,SINGLE FAMILY RESIDENCE,1,1923,0.079,3440,2332,0.677906977,936,1092,
1752 SE POPLAR AVE,SINGLE FAMILY RESIDENCE,1,1932,0.1175,5120,2416,0.471875,960,1136,
1603 SE MAPLE AVE,SINGLE FAMILY RESIDENCE,1,1911,0.1175,5120,4406,0.860546875,1148,1218,
1812 SE MULBERRY AVE,SINGLE FAMILY RESIDENCE,3,1927,0.1175,5120,2146,0.419140625,806,950,
1627 SE 20TH AVE,SINGLE FAMILY RESIDENCE,1,1924,0.0964,4200,2530,0.602380952,896,1054,
1818 SE LADD AVE,DUPLEX,1,1947,0.1175,5120,2100,0.41015625,1050,1050,
1945 SE HARRISON ST,SINGLE FAMILY RESIDENCE,1,1924,0.079,3440,1464,0.425581395,729,735,
1850 SE LADD AVE,SINGLE FAMILY RESIDENCE,1,1910,0.1175,5120,4067,0.794335938,1120,1122,
1913 SE LARCH AVE,SINGLE FAMILY RESIDENCE,1,1928,0.1354,5900,3877,0.657118644,468,1669,
1743 SE LOCUST AVE # 1745,DUPLEX,1,1963,0.1175,5120,2980,0.58203125,1000,1980,
2012 SE HEMLOCK AVE,SINGLE FAMILY RESIDENCE,1,1923,0.1165,5074,2464,0.485612929,884,1020,
2120 SE HEMLOCK AVE,SINGLE FAMILY RESIDENCE,1,1940,0.1165,5074,2462,0.485218762,1001,1089,
1629 SE HICKORY ST,SINGLE FAMILY RESIDENCE,1,1924,0.0781,3400,1671,0.491470588,816,855,
1979 SE LADD AVE,SINGLE FAMILY RESIDENCE,1,1924,0.0682,2970,1976,0.665319865,988,988,
1937 SE LOCUST AVE,SINGLE FAMILY RESIDENCE,1,1912,0.1175,5120,3259,0.636523438,1232,1403,
2321 SE 16TH AVE,SINGLE FAMILY RESIDENCE,1,1923,0.079,3440,2488,0.723255814,1092,1092,
2021 SE LADD AVE,DUPLEX,1,1960,0.1469,6397,2616,0.408941691,,2616,
1623 SE HARRISON ST,SINGLE FAMILY RESIDENCE,1,1924,0.0716,3120,1792,0.574358974,728,1064,
1709 SE LADD AVE,SINGLE FAMILY RESIDENCE,1,1913,0.1175,5120,3440,0.671875,1140,1140,
1549 SE LADD AVE,COMMERCIAL,1,1910,0.0929,4046,3194,0.789421651,910,910,
1960 SE LARCH AVE,SINGLE FAMILY RESIDENCE,1,1908,0.0795,3464,2646,0.763856813,810,864,
2411 SE ELLIOTT AVE,SINGLE FAMILY RESIDENCE,1,1924,0.1175,5120,1816,0.3546875,400,1116,
1437 SE DIVISION ST,SINGLE FAMILY RESIDENCE,1,1924,0.1175,5120,2584,0.5046875,992,992,
2414 SE ORANGE AVE,SINGLE FAMILY RESIDENCE,1,1924,0.0748,3260,1854,0.568711656,900,954,
1836 SE LOCUST AVE,SINGLE FAMILY RESIDENCE,1,1908,0.1937,8437,5049,0.598435463,1249,1271,
1550 SE HOLLY ST,SINGLE FAMILY RESIDENCE,2,1912,0.1175,5120,2474,0.483203125,768,938,
1860 SE LADD AVE,SINGLE FAMILY RESIDENCE,1,1923,0.1175,5120,2872,0.5609375,840,984,
1936 SE MULBERRY AVE,DUPLEX,1,1923,0.1175,5120,4742,0.926171875,1600,1732,
1735 SE ELLIOTT AVE,SINGLE FAMILY RESIDENCE,1,1927,0.1175,5120,4127,0.806054688,1348,1003,
1551 SE HOLLY ST,SINGLE FAMILY RESIDENCE,1,1926,0.0882,3840,1496,0.389583333,748,748,
1963 SE LOCUST AVE # A,SINGLE FAMILY RESIDENCE,1,1957,0.1175,5120,2632,0.5140625,1316,1316,
1513 SE MAPLE AVE,DUPLEX,1,1910,0.1175,5120,3916,0.76484375,1220,1170,
2015 SE 16TH AVE,SINGLE FAMILY RESIDENCE,1,1928,0.0872,3800,1794,0.472105263,500,796,
2149 SE CYPRESS AVE,SINGLE FAMILY RESIDENCE,1,1923,0.1175,5120,2100,0.41015625,840,1260,
2047 SE LADD AVE,VACANT,0,,0.0588,2560,,0,,,
1560 SE POPLAR AVE,SINGLE FAMILY RESIDENCE,2,1977,0.1175,5120,1134,0.221484375,,1134,
1922 SE HEMLOCK AVE,CONDOMINIUM,1,1956,0.0101,440,1395,3.170454545,512,883,
1563 SE HOLLY ST,SINGLE FAMILY RESIDENCE,1,1904,0.1175,5120,2646,0.516796875,800,912,
1726 SE ELLIOTT AVE,SINGLE FAMILY RESIDENCE,2,1905,0.1469,6400,6118,0.9559375,1296,1662,
1643 SE HOLLY ST,SINGLE FAMILY RESIDENCE,1,1910,0.1175,5120,3456,0.675,988,1028,
1519 SE 16TH AVE,SINGLE FAMILY RESIDENCE,13,1922,0.0826,3600,2390,0.663888889,780,830,
1743 SE MAPLE AVE,SINGLE FAMILY RESIDENCE,1,1910,0.1175,5120,3300,0.64453125,896,1061,
2203 SE ORANGE AVE,SINGLE FAMILY RESIDENCE,1,1924,0.1175,5120,2777,0.542382813,725,1452,
2003 SE LARCH AVE,SINGLE FAMILY RESIDENCE,1,1926,0.1165,5074,3177,0.626133228,1227,1227,
2433 SE LADD AVE,SINGLE FAMILY RESIDENCE,1,1926,0.2351,10240,4598,0.449023438,1059,2039,
2035 SE CYPRESS AVE,SINGLE FAMILY RESIDENCE,1,1912,0.1175,5120,3577,0.698632813,1287,1407,
1638 SE LADD AVE,SINGLE FAMILY RESIDENCE,2,1927,0.1175,5120,2318,0.452734375,440,1138,
2028 SE SPRUCE AVE,SINGLE FAMILY RESIDENCE,1,1953,0.1175,5120,704,0.1375,,704,
1637 SE ELLIOTT AVE,SINGLE FAMILY RESIDENCE,1,1925,0.1469,6400,2170,0.3390625,640,948,
1851 SE LOCUST AVE,SINGLE FAMILY RESIDENCE,1,1928,0.1175,5120,3846,0.751171875,1124,1645,
1929 SE HARRISON ST,SINGLE FAMILY RESIDENCE,1,1924,0.077,3354,1780,0.5307096,520,960,
2004 SE HEMLOCK AVE,SINGLE FAMILY RESIDENCE,1,1924,0.1165,5074,2696,0.531336224,780,1304,
1706 SE ELLIOTT AVE,SINGLE FAMILY RESIDENCE,2,1944,0.1293,5632,2888,0.512784091,588,1292,
2100 SE HEMLOCK AVE,SINGLE FAMILY RESIDENCE,1,1955,0.1165,5074,2204,0.434371305,1102,1102,
1955 SE LOCUST AVE,SINGLE FAMILY RESIDENCE,1,1925,0.1175,5120,2944,0.575,1190,1254,
1951 SE LARCH AVE,SINGLE FAMILY RESIDENCE,1,1911,0.1571,6844,4362,0.637346581,1656,1656,
2404 SE LADD AVE,SINGLE FAMILY RESIDENCE,1,1924,0.1175,5120,1856,0.3625,520,936,
1620 SE LADD AVE,SINGLE FAMILY RESIDENCE,2,1923,0.1175,5120,2820,0.55078125,900,968,
1952 SE LOCUST AVE,SINGLE FAMILY RESIDENCE,1,1924,0.084,3660,2553,0.697540984,980,973,
1818 SE MULBERRY AVE,SINGLE FAMILY RESIDENCE,3,1910,0.1175,5120,3088,0.603125,780,1020,
2218 SE CYPRESS AVE,SINGLE FAMILY RESIDENCE,1,1924,0.1033,4500,2148,0.477333333,676,1172,
1500 SE HICKORY ST,SINGLE FAMILY RESIDENCE,1,1924,0.0636,2772,1468,0.52958153,700,768,
2305 SE ELLIOTT AVE,SINGLE FAMILY RESIDENCE,1,1923,0.1322,5760,2104,0.365277778,700,1404,
1331 SE BIRCH ST,SINGLE FAMILY RESIDENCE,1,1926,0.0753,3280,2492,0.759756098,800,846,
2225 SE 16TH AVE,SINGLE FAMILY RESIDENCE,1,1924,0.0966,4209,1692,0.401995723,600,1092,
1804 SE LADD AVE,SINGLE FAMILY RESIDENCE,1,1925,0.0735,3200,2310,0.721875,774,1024,
1928 SE ELLIOTT AVE,DUPLEX,1,1923,0.1175,5120,3773,0.736914063,1130,1293,
1581 SE MAPLE AVE # A,SINGLE FAMILY RESIDENCE,1,1913,0.1175,5120,3509,0.685351563,1064,1070,
2470 SE TAMARACK AVE,SINGLE FAMILY RESIDENCE,1,1924,0.1175,5120,1872,0.365625,728,1144,
1426 SE HAWTHORNE BLVD,COMMERCIAL,0,1940,0.3177,13840,6724,0.48583815,,6724,
2107 SE HEMLOCK AVE,SINGLE FAMILY RESIDENCE,1,1926,0.1022,4450,1982,0.445393258,588,1009,
1321 SE PALM ST,SINGLE FAMILY RESIDENCE,2,1924,0.0738,3213,2787,0.867413632,1121,1166,
2021 SE 20TH AVE,SINGLE FAMILY RESIDENCE,1,1927,0.1165,5074,2864,0.564446196,1124,1124,
1974 SE LADD AVE # 1978,DUPLEX,1,1924,0.1309,5700,1552,0.272280702,140,1412,
1844 SE 12TH AVE,SINGLE FAMILY RESIDENCE,2,1910,0.1436,6254,4140,0.661976335,1140,1140,
1436 SE HAWTHORNE BLVD,COMMERCIAL,0,1968,0.2824,12300,5500,0.447154472,,5500,
2228 SE LADD AVE,SINGLE FAMILY RESIDENCE,1,1923,0.1175,5120,1982,0.387109375,504,1078,
1820 SE 16TH AVE,SINGLE FAMILY RESIDENCE,1,1911,0.124,5400,3488,0.645925926,960,1076,
1924 SE 12TH AVE,CONDOMINIUM,1,1923,,,1844,0,582,611,
2117 SE CYPRESS AVE,SINGLE FAMILY RESIDENCE,1,1924,0.1175,5120,2416,0.471875,1008,1008,
2047 SE 20TH AVE,SINGLE FAMILY RESIDENCE,1,1926,0.1165,5074,2322,0.457627119,900,900,
1968 SE MULBERRY AVE,SINGLE FAMILY RESIDENCE,1,1908,0.1175,5120,3778,0.737890625,800,1716,
1318 SE PALM ST # 1322,DUPLEX,1,1924,0.1102,4800,3214,0.669583333,918,1368,
1861 SE LADD AVE,SINGLE FAMILY RESIDENCE,1,1925,0.1175,5120,2536,0.4953125,920,920,
1829 SE MULBERRY AVE,SINGLE FAMILY RESIDENCE,1,1924,0.09,3920,1844,0.470408163,700,1144,
1727 SE LADD AVE,SINGLE FAMILY RESIDENCE,1,1910,0.1175,5120,3976,0.7765625,1204,1232,
1806 SE 12TH AVE,DUPLEX,2,1925,0.1165,5074,4334,0.854158455,1600,2734,
2244 SE SPRUCE AVE,SINGLE FAMILY RESIDENCE,1,1924,0.1175,5120,2139,0.417773438,1064,1075,
2313 SE ELLIOTT AVE,SINGLE FAMILY RESIDENCE,1,1924,0.1028,4480,1825,0.407366071,408,1057,
2029 SE CYPRESS AVE,SINGLE FAMILY RESIDENCE,1,1932,0.1175,5120,3268,0.63828125,1160,1335,
2109 SE 20TH AVE,SINGLE FAMILY RESIDENCE,1,1925,0.1165,5074,2856,0.562869531,1228,1228,
2422 SE TAMARACK AVE,SINGLE FAMILY RESIDENCE,1,1924,0.1175,5120,2010,0.392578125,500,1092,
1401 SE DIVISION ST,COMMERCIAL,0,1927,0.1125,4900,2556,0.521632653,,1278,
1833 SE 20TH AVE,SINGLE FAMILY RESIDENCE,1,1920,0.1354,5900,3568,0.604745763,1284,1320,
,CONDOMINIUM,3,,,,,0,,,
1980 SE LADD AVE # 1984,DUPLEX,1,1924,0.1042,4540,1400,0.308370044,168,1232,
2107 SE LADD AVE,SINGLE FAMILY RESIDENCE,1,1915,0.1175,5120,3876,0.75703125,1064,1248,
1904 SE HEMLOCK AVE,SINGLE FAMILY RESIDENCE,1,1904,0.1517,6608,4078,0.617130751,1102,1288,
1954 SE HEMLOCK AVE,DUPLEX,1,1916,0.1165,5074,4053,0.798778084,1124,1277,
1235 SE DIVISION ST,COMMERCIAL,0,1947,0.4844,21100,25693,1.217677725,,25693,
2117 SE 20TH AVE,SINGLE FAMILY RESIDENCE,1,1925,0.1165,5074,2530,0.498620418,1015,1015,
2124 SE ELLIOTT AVE,DUPLEX,1,1925,0.1322,5760,4356,0.75625,1316,1572,
1845 SE LADD AVE,SINGLE FAMILY RESIDENCE,1,1950,0.1175,5120,2377,0.464257813,783,1054,
1309 SE DIVISION ST,COMMERCIAL,0,1927,0.1435,6250,6187,0.98992,,6187,
2260 SE SPRUCE AVE,SINGLE FAMILY RESIDENCE,1,1911,0.1175,5120,3431,0.670117188,988,1006,
1623 SE LADD AVE # 1627,DUPLEX,1,1923,0.1469,6400,3768,0.58875,1364,1612,
1742 SE ELLIOTT AVE # 1748,DUPLEX,2,1924,0.0735,3200,3872,1.21,1136,1536,
1742 SE MULBERRY AVE,SINGLE FAMILY RESIDENCE,3,1916,0.1175,5120,2895,0.565429688,780,795,
2315 SE 20TH AVE,SINGLE FAMILY RESIDENCE,1,1925,0.079,3440,2448,0.711627907,1024,1024,
1615 SE HOLLY ST,SINGLE FAMILY RESIDENCE,1,1908,0.1469,6400,3600,0.5625,952,994,
2028 SE HEMLOCK AVE,SINGLE FAMILY RESIDENCE,1,1916,0.1165,5074,4620,0.910524241,1272,1572,
2136 SE TAMARACK AVE,SINGLE FAMILY RESIDENCE,1,1924,0.1175,5120,2340,0.45703125,780,1144,
1802 SE 12TH AVE,DUPLEX,2,1925,0.1165,5074,4334,0.854158455,1600,2734,
1555 SE HOLLY ST,SINGLE FAMILY RESIDENCE,1,1904,0.1175,5120,3352,0.6546875,864,908,
2121 SE LADD AVE,SINGLE FAMILY RESIDENCE,1,1924,0.1175,5120,2544,0.496875,1008,1056,
1939 SE LARCH AVE,SINGLE FAMILY RESIDENCE,1,1911,0.1264,5504,4648,0.844476744,1288,1288,
2038 SE 12TH AVE,SINGLE FAMILY RESIDENCE,3,1926,0.1165,5074,2412,0.475364604,624,1172,
2117 SE ORANGE AVE,SINGLE FAMILY RESIDENCE,1,1923,0.1175,5120,1979,0.386523438,400,1142,
1720 SE LADD AVE,SINGLE FAMILY RESIDENCE,3,1925,0.1175,5120,,0,,,
1212 SE HAWTHORNE BLVD # 1218,COMMERCIAL,0,1965,0.1408,6132,1210,0.197325506,,1210,
2026 SE LARCH AVE # 2030,DUPLEX,1,1947,0.1292,5628,3608,0.641080313,1624,1984,
1829 SE LADD AVE # 1831,DUPLEX,1,1923,0.1175,5120,2654,0.518359375,728,963,
2125 SE 20TH AVE,SINGLE FAMILY RESIDENCE,1,1925,0.1175,5120,2016,0.39375,1008,1008,
1971 SE LOCUST AVE,DUPLEX,1,1924,0.1175,5120,2792,0.5453125,864,1128,
2034 SE ELLIOTT AVE,SINGLE FAMILY RESIDENCE,1,1912,0.1175,5120,3088,0.603125,896,896,
